Investor Name,Tier,Type,Investment Range,Contact Person,Email,LinkedIn,Phone,Outreach Date,Last Contact,Status,Next Action,Meeting Date,Follow Up Date,Interest Level,Notes,Lead Investor Potential,Check Size Expected,Terms Discussed,Data Room Shared
Almi Invest,1,VC,1-10M SEK,,invest@almi.se,https://www.linkedin.com/company/almi-invest,+46 (0)8-709 85 00,,,,Apply via website,,,,Government-backed, most active seed investor,Yes,2-4M SEK,,
Luminar Ventures,1,VC,1-5M SEK,,info@luminar.vc,https://www.linkedin.com/company/luminar-ventures,,,,,Email + LinkedIn,,,,Top 3 most active Stockholm investor,Yes,2-4M SEK,,
J12 Ventures,1,VC,5-50M SEK,,team@j12.ventures,https://www.linkedin.com/company/j12-ventures,,,,,Email to team@j12.ventures,,,,Dedicated $50M seed fund, healthtech focus,Yes,3-5M SEK,,
Navigare Ventures,1,VC,5-32M SEK,,hello@navigare.vc,https://www.linkedin.com/company/navigare-ventures,,,,,Email hello@navigare.vc,,,,Founder-first philosophy,Yes,2-4M SEK,,
Sweet Capital,1,VC,2.7-53M SEK,,info@sweetcapital.se,https://www.linkedin.com/company/sweet-capital,,,,,Email with innovation focus,,,,University-linked, innovation focus,Maybe,2-3M SEK,,
Norrsken,1,VC,10-106M SEK,,invest@norrsken.org,https://www.linkedin.com/company/norrsken-vc,,,,,Email or Norrsken House intro,,,,Impact fund, Klarna co-founder, high-profile,Yes,3-5M SEK,,
Creandum,1,VC,10-106M SEK,,team@creandum.com,https://www.linkedin.com/company/creandum,,,,,Get warm intro via Kry founders if possible,,,,Backed Kry's seed round - HIGHLY RELEVANT,Yes,3-5M SEK,,
Inventure,2,VC,3.2-53M SEK,,info@inventure.vc,https://www.linkedin.com/company/inventure-vc,,,,,Email with Nordic expansion angle,,,,Helsinki-based but active in Sweden,Maybe,2-4M SEK,,
EQT Life Sciences,2,VC,Series A+,,Via website,https://www.linkedin.com/company/eqt-life-sciences,,,,,Position as exceptional seed case,,,,Backed Min Doktor - typically Series A+ though,Maybe,3-5M SEK,,
Sciety Venture Partners,2,VC,10-53M SEK,,,https://www.linkedin.com/search/results/all/?keywords=sciety%20venture%20partners,,,,,Emphasize scientific foundation,,,,Life sciences specialist,Maybe,2-4M SEK,,
Prima Materia,3,VC,Varies,,info@primamateria.vc,https://www.linkedin.com/company/prima-materia-vc,,,,,Email with AI-dietist focus,,,,Typically Series A-B, may be too early,No,N/A,,
Sting Accelerator,Accel,Accelerator,N/A,,info@sting.co,https://www.linkedin.com/company/sting-accelerator,+46 (0)8-545 860 00,,,,Apply online ASAP (rolling),,,,12-month incubator, 4-month accelerator, healthtech focus,N/A,N/A,,
SmiLe Incubator,Accel,Incubator,N/A,,info@smileincubator.se,https://www.linkedin.com/company/smile-incubator,+46 (0)46-286 40 00,,,,Apply with life sciences focus,,,,Life sciences incubator in Lund, lab facilities,N/A,N/A,,
Vinnova,Gov,Grant,Up to 5M SEK,,info@vinnova.se,https://www.linkedin.com/company/vinnova,+46 (0)8-473 30 00,,,,Apply to 2-3 relevant calls,,,,Innovation grants, non-dilutive, check deadlines,N/A,200-500K SEK per grant,,
Almi Startup Loans,Gov,Loan,Up to 3M SEK,,Via regional offices,https://www.linkedin.com/company/almi,+46 (0)8-709 85 00,,,,Apply for 500K-1M SEK loan,,,,Startup loans, no collateral, 5-10 year term,N/A,500K-1M SEK (loan),,
MEDKAP,Angel Network,Angel Network,100K-1M SEK per angel,,Via website,https://www.linkedin.com/company/medkap,,,,,Apply to pitch at event,,,,50+ healthtech angels, syndicate potential,Maybe,500K-2M SEK total (multiple angels),,
Johannes Schildt,Angel,Individual Angel,500K-1M SEK,Johannes Schildt,,https://www.linkedin.com/in/johannes-schildt,,,,,Get warm intro via Kry network or Creandum,,,,Kry co-founder, digital health focus,No,500K-1M SEK,,
Former Spotify Employee(s),Angel,Individual Angel(s),200-500K SEK,,[Research needed],Search: "Spotify" + "Angel Investor" + "Health",,,,,LinkedIn search + outreach,,,,50+ angel investments in health (Oura, Daye, Medoma),No,200-500K SEK,,
Niklas Adalberth,Angel,Individual Angel,Via Norrsken VC,Niklas Adalberth,,https://www.linkedin.com/in/niklas-adalberth,,,,,Apply via Norrsken VC (don't approach directly),,,,Klarna co-founder, Norrsken founder, go via fund,No,Via Norrsken fund,,
[Add More As Found],,,,,,,,,,,,,,,,,,,
